acousticness,danceability,energy,instrumentalness,liveness,speechiness,valence
0.26512222222222226,0.5048888888888889,0.6023333333333333,4.4577777777777774e-05,0.3018888888888889,0.2188777777777778,0.42963333333333337
