acousticness,danceability,energy,instrumentalness,liveness,speechiness,valence
0.17544442857142856,0.6629999999999999,0.5848571428571429,0.0061417792857142856,0.2230714285714286,0.2757285714285715,0.4799285714285714
