acousticness,danceability,energy,instrumentalness,liveness,speechiness,valence
0.33374333333333334,0.6582222222222223,0.5452222222222223,0.0007330572222222222,0.11523333333333335,0.09911666666666667,0.48144444444444456
